,Brand,Link,Page Number
0,Acer,https://www.gsmarena.com/acer-phones-59.php,1
1,Acer,https://www.gsmarena.com/acer-phones-f-59-0-p2.php,2
2,Acer,https://www.gsmarena.com/acer-phones-f-59-0-p3.php,3
3,alcatel,https://www.gsmarena.com/alcatel-phones-5.php,1
4,alcatel,https://www.gsmarena.com/alcatel-phones-f-5-0-p2.php,2
5,alcatel,https://www.gsmarena.com/alcatel-phones-f-5-0-p3.php,3
6,alcatel,https://www.gsmarena.com/alcatel-phones-f-5-0-p4.php,4
7,alcatel,https://www.gsmarena.com/alcatel-phones-f-5-0-p5.php,5
8,alcatel,https://www.gsmarena.com/alcatel-phones-f-5-0-p6.php,6
9,alcatel,https://www.gsmarena.com/alcatel-phones-f-5-0-p7.php,7
10,alcatel,https://www.gsmarena.com/alcatel-phones-f-5-0-p8.php,8
11,alcatel,https://www.gsmarena.com/alcatel-phones-f-5-0-p9.php,9
12,alcatel,https://www.gsmarena.com/alcatel-phones-f-5-0-p10.php,10
13,Allview,https://www.gsmarena.com/allview-phones-88.php,1
14,Allview,https://www.gsmarena.com/allview-phones-f-88-0-p2.php,2
15,Allview,https://www.gsmarena.com/allview-phones-f-88-0-p3.php,3
16,Allview,https://www.gsmarena.com/allview-phones-f-88-0-p4.php,4
17,Amazon,https://www.gsmarena.com/amazon-phones-76.php,1
18,Amoi,https://www.gsmarena.com/amoi-phones-28.php,1
19,Amoi,https://www.gsmarena.com/amoi-phones-f-28-0-p2.php,2
20,Apple,https://www.gsmarena.com/apple-phones-48.php,1
21,Apple,https://www.gsmarena.com/apple-phones-f-48-0-p2.php,2
22,Apple,https://www.gsmarena.com/apple-phones-f-48-0-p3.php,3
23,Archos,https://www.gsmarena.com/archos-phones-90.php,1
24,Archos,https://www.gsmarena.com/archos-phones-f-90-0-p2.php,2
25,Asus,https://www.gsmarena.com/asus-phones-46.php,1
26,Asus,https://www.gsmarena.com/asus-phones-f-46-0-p2.php,2
27,Asus,https://www.gsmarena.com/asus-phones-f-46-0-p3.php,3
28,Asus,https://www.gsmarena.com/asus-phones-f-46-0-p4.php,4
29,Asus,https://www.gsmarena.com/asus-phones-f-46-0-p5.php,5
30,AT&T,https://www.gsmarena.com/at&t-phones-57.php,1
31,Benefon,https://www.gsmarena.com/benefon-phones-15.php,1
32,BenQ,https://www.gsmarena.com/benq-phones-31.php,1
33,BenQ,https://www.gsmarena.com/benq-phones-f-31-0-p2.php,2
34,BenQ-Siemens,https://www.gsmarena.com/benq_siemens-phones-42.php,1
35,Bird,https://www.gsmarena.com/bird-phones-34.php,1
36,Bird,https://www.gsmarena.com/bird-phones-f-34-0-p2.php,2
37,Bird,https://www.gsmarena.com/bird-phones-f-34-0-p3.php,3
38,BlackBerry,https://www.gsmarena.com/blackberry-phones-36.php,1
39,BlackBerry,https://www.gsmarena.com/blackberry-phones-f-36-0-p2.php,2
40,BlackBerry,https://www.gsmarena.com/blackberry-phones-f-36-0-p3.php,3
41,Blackview,https://www.gsmarena.com/blackview-phones-116.php,1
42,Blackview,https://www.gsmarena.com/blackview-phones-f-116-0-p2.php,2
43,Blackview,https://www.gsmarena.com/blackview-phones-f-116-0-p3.php,3
44,BLU,https://www.gsmarena.com/blu-phones-67.php,1
45,BLU,https://www.gsmarena.com/blu-phones-f-67-0-p2.php,2
46,BLU,https://www.gsmarena.com/blu-phones-f-67-0-p3.php,3
47,BLU,https://www.gsmarena.com/blu-phones-f-67-0-p4.php,4
48,BLU,https://www.gsmarena.com/blu-phones-f-67-0-p5.php,5
49,BLU,https://www.gsmarena.com/blu-phones-f-67-0-p6.php,6
50,BLU,https://www.gsmarena.com/blu-phones-f-67-0-p7.php,7
51,BLU,https://www.gsmarena.com/blu-phones-f-67-0-p8.php,8
52,BLU,https://www.gsmarena.com/blu-phones-f-67-0-p9.php,9
53,BLU,https://www.gsmarena.com/blu-phones-f-67-0-p10.php,10
54,Bosch,https://www.gsmarena.com/bosch-phones-10.php,1
55,BQ,https://www.gsmarena.com/bq-phones-108.php,1
56,Casio,https://www.gsmarena.com/casio-phones-77.php,1
57,Cat,https://www.gsmarena.com/cat-phones-89.php,1
58,Celkon,https://www.gsmarena.com/celkon-phones-75.php,1
59,Celkon,https://www.gsmarena.com/celkon-phones-f-75-0-p2.php,2
60,Celkon,https://www.gsmarena.com/celkon-phones-f-75-0-p3.php,3
61,Celkon,https://www.gsmarena.com/celkon-phones-f-75-0-p4.php,4
62,Celkon,https://www.gsmarena.com/celkon-phones-f-75-0-p5.php,5
63,Celkon,https://www.gsmarena.com/celkon-phones-f-75-0-p6.php,6
64,Chea,https://www.gsmarena.com/chea-phones-24.php,1
65,Coolpad,https://www.gsmarena.com/coolpad-phones-105.php,1
66,Coolpad,https://www.gsmarena.com/coolpad-phones-f-105-0-p2.php,2
67,Cubot,https://www.gsmarena.com/cubot-phones-130.php,1
68,Cubot,https://www.gsmarena.com/cubot-phones-f-130-0-p2.php,2
69,Dell,https://www.gsmarena.com/dell-phones-61.php,1
70,Doogee,https://www.gsmarena.com/doogee-phones-129.php,1
71,Doogee,https://www.gsmarena.com/doogee-phones-f-129-0-p2.php,2
72,Doogee,https://www.gsmarena.com/doogee-phones-f-129-0-p3.php,3
73,Emporia,https://www.gsmarena.com/emporia-phones-93.php,1
74,Energizer,https://www.gsmarena.com/energizer-phones-106.php,1
75,Energizer,https://www.gsmarena.com/energizer-phones-f-106-0-p2.php,2
76,Ericsson,https://www.gsmarena.com/ericsson-phones-2.php,1
77,Eten,https://www.gsmarena.com/eten-phones-40.php,1
78,Eten,https://www.gsmarena.com/eten-phones-f-40-0-p2.php,2
79,Fairphone,https://www.gsmarena.com/fairphone-phones-127.php,1
80,Fujitsu Siemens,https://www.gsmarena.com/fujitsu_siemens-phones-50.php,1
81,Garmin-Asus,https://www.gsmarena.com/garmin_asus-phones-65.php,1
82,Gigabyte,https://www.gsmarena.com/gigabyte-phones-47.php,1
83,Gigabyte,https://www.gsmarena.com/gigabyte-phones-f-47-0-p2.php,2
84,Gionee,https://www.gsmarena.com/gionee-phones-92.php,1
85,Gionee,https://www.gsmarena.com/gionee-phones-f-92-0-p2.php,2
86,Gionee,https://www.gsmarena.com/gionee-phones-f-92-0-p3.php,3
87,Google,https://www.gsmarena.com/google-phones-107.php,1
88,Haier,https://www.gsmarena.com/haier-phones-33.php,1
89,Haier,https://www.gsmarena.com/haier-phones-f-33-0-p2.php,2
90,Haier,https://www.gsmarena.com/haier-phones-f-33-0-p3.php,3
91,Haier,https://www.gsmarena.com/haier-phones-f-33-0-p4.php,4
92,Honor,https://www.gsmarena.com/honor-phones-121.php,1
93,Honor,https://www.gsmarena.com/honor-phones-f-121-0-p2.php,2
94,Honor,https://www.gsmarena.com/honor-phones-f-121-0-p3.php,3
95,Honor,https://www.gsmarena.com/honor-phones-f-121-0-p4.php,4
96,Honor,https://www.gsmarena.com/honor-phones-f-121-0-p5.php,5
97,Honor,https://www.gsmarena.com/honor-phones-f-121-0-p6.php,6
98,Honor,https://www.gsmarena.com/honor-phones-f-121-0-p7.php,7
99,Honor,https://www.gsmarena.com/honor-phones-f-121-0-p8.php,8
100,HP,https://www.gsmarena.com/hp-phones-41.php,1
101,HP,https://www.gsmarena.com/hp-phones-f-41-0-p2.php,2
102,HTC,https://www.gsmarena.com/htc-phones-45.php,1
103,HTC,https://www.gsmarena.com/htc-phones-f-45-0-p2.php,2
104,HTC,https://www.gsmarena.com/htc-phones-f-45-0-p3.php,3
105,HTC,https://www.gsmarena.com/htc-phones-f-45-0-p4.php,4
106,HTC,https://www.gsmarena.com/htc-phones-f-45-0-p5.php,5
107,HTC,https://www.gsmarena.com/htc-phones-f-45-0-p6.php,6
108,HTC,https://www.gsmarena.com/htc-phones-f-45-0-p7.php,7
109,HTC,https://www.gsmarena.com/htc-phones-f-45-0-p8.php,8
110,Huawei,https://www.gsmarena.com/huawei-phones-58.php,1
111,Huawei,https://www.gsmarena.com/huawei-phones-f-58-0-p2.php,2
112,Huawei,https://www.gsmarena.com/huawei-phones-f-58-0-p3.php,3
113,Huawei,https://www.gsmarena.com/huawei-phones-f-58-0-p4.php,4
114,Huawei,https://www.gsmarena.com/huawei-phones-f-58-0-p5.php,5
115,Huawei,https://www.gsmarena.com/huawei-phones-f-58-0-p6.php,6
116,Huawei,https://www.gsmarena.com/huawei-phones-f-58-0-p7.php,7
117,Huawei,https://www.gsmarena.com/huawei-phones-f-58-0-p8.php,8
118,Huawei,https://www.gsmarena.com/huawei-phones-f-58-0-p9.php,9
119,Huawei,https://www.gsmarena.com/huawei-phones-f-58-0-p10.php,10
120,Huawei,https://www.gsmarena.com/huawei-phones-f-58-0-p11.php,11
121,i-mate,https://www.gsmarena.com/i_mate-phones-35.php,1
122,i-mobile,https://www.gsmarena.com/i_mobile-phones-52.php,1
123,Icemobile,https://www.gsmarena.com/icemobile-phones-69.php,1
124,Icemobile,https://www.gsmarena.com/icemobile-phones-f-69-0-p2.php,2
125,Infinix,https://www.gsmarena.com/infinix-phones-119.php,1
126,Infinix,https://www.gsmarena.com/infinix-phones-f-119-0-p2.php,2
127,Infinix,https://www.gsmarena.com/infinix-phones-f-119-0-p3.php,3
128,Infinix,https://www.gsmarena.com/infinix-phones-f-119-0-p4.php,4
129,Infinix,https://www.gsmarena.com/infinix-phones-f-119-0-p5.php,5
130,Innostream,https://www.gsmarena.com/innostream-phones-29.php,1
131,iNQ,https://www.gsmarena.com/inq-phones-60.php,1
132,Intex,https://www.gsmarena.com/intex-phones-102.php,1
133,itel,https://www.gsmarena.com/itel-phones-131.php,1
134,Jolla,https://www.gsmarena.com/jolla-phones-84.php,1
135,Karbonn,https://www.gsmarena.com/karbonn-phones-83.php,1
136,Karbonn,https://www.gsmarena.com/karbonn-phones-f-83-0-p2.php,2
137,Kyocera,https://www.gsmarena.com/kyocera-phones-17.php,1
138,Lava,https://www.gsmarena.com/lava-phones-94.php,1
139,Lava,https://www.gsmarena.com/lava-phones-f-94-0-p2.php,2
140,Lava,https://www.gsmarena.com/lava-phones-f-94-0-p3.php,3
141,Lava,https://www.gsmarena.com/lava-phones-f-94-0-p4.php,4
142,LeEco,https://www.gsmarena.com/leeco-phones-109.php,1
143,Lenovo,https://www.gsmarena.com/lenovo-phones-73.php,1
144,Lenovo,https://www.gsmarena.com/lenovo-phones-f-73-0-p2.php,2
145,Lenovo,https://www.gsmarena.com/lenovo-phones-f-73-0-p3.php,3
146,Lenovo,https://www.gsmarena.com/lenovo-phones-f-73-0-p4.php,4
147,Lenovo,https://www.gsmarena.com/lenovo-phones-f-73-0-p5.php,5
148,Lenovo,https://www.gsmarena.com/lenovo-phones-f-73-0-p6.php,6
149,LG,https://www.gsmarena.com/lg-phones-20.php,1
150,LG,https://www.gsmarena.com/lg-phones-f-20-0-p2.php,2
151,LG,https://www.gsmarena.com/lg-phones-f-20-0-p3.php,3
152,LG,https://www.gsmarena.com/lg-phones-f-20-0-p4.php,4
153,LG,https://www.gsmarena.com/lg-phones-f-20-0-p5.php,5
154,LG,https://www.gsmarena.com/lg-phones-f-20-0-p6.php,6
155,LG,https://www.gsmarena.com/lg-phones-f-20-0-p7.php,7
156,LG,https://www.gsmarena.com/lg-phones-f-20-0-p8.php,8
157,LG,https://www.gsmarena.com/lg-phones-f-20-0-p9.php,9
158,LG,https://www.gsmarena.com/lg-phones-f-20-0-p10.php,10
159,LG,https://www.gsmarena.com/lg-phones-f-20-0-p11.php,11
160,Maxon,https://www.gsmarena.com/maxon-phones-14.php,1
161,Maxon,https://www.gsmarena.com/maxon-phones-f-14-0-p2.php,2
162,Maxwest,https://www.gsmarena.com/maxwest-phones-87.php,1
163,Maxwest,https://www.gsmarena.com/maxwest-phones-f-87-0-p2.php,2
164,Meizu,https://www.gsmarena.com/meizu-phones-74.php,1
165,Meizu,https://www.gsmarena.com/meizu-phones-f-74-0-p2.php,2
166,Micromax,https://www.gsmarena.com/micromax-phones-66.php,1
167,Micromax,https://www.gsmarena.com/micromax-phones-f-66-0-p2.php,2
168,Micromax,https://www.gsmarena.com/micromax-phones-f-66-0-p3.php,3
169,Micromax,https://www.gsmarena.com/micromax-phones-f-66-0-p4.php,4
170,Micromax,https://www.gsmarena.com/micromax-phones-f-66-0-p5.php,5
171,Micromax,https://www.gsmarena.com/micromax-phones-f-66-0-p6.php,6
172,Micromax,https://www.gsmarena.com/micromax-phones-f-66-0-p7.php,7
173,Micromax,https://www.gsmarena.com/micromax-phones-f-66-0-p8.php,8
174,Microsoft,https://www.gsmarena.com/microsoft-phones-64.php,1
175,Mitac,https://www.gsmarena.com/mitac-phones-25.php,1
176,Mitsubishi,https://www.gsmarena.com/mitsubishi-phones-8.php,1
177,Mitsubishi,https://www.gsmarena.com/mitsubishi-phones-f-8-0-p2.php,2
178,Modu,https://www.gsmarena.com/modu-phones-63.php,1
179,Motorola,https://www.gsmarena.com/motorola-phones-4.php,1
180,Motorola,https://www.gsmarena.com/motorola-phones-f-4-0-p2.php,2
181,Motorola,https://www.gsmarena.com/motorola-phones-f-4-0-p3.php,3
182,Motorola,https://www.gsmarena.com/motorola-phones-f-4-0-p4.php,4
183,Motorola,https://www.gsmarena.com/motorola-phones-f-4-0-p5.php,5
184,Motorola,https://www.gsmarena.com/motorola-phones-f-4-0-p6.php,6
185,Motorola,https://www.gsmarena.com/motorola-phones-f-4-0-p7.php,7
186,Motorola,https://www.gsmarena.com/motorola-phones-f-4-0-p8.php,8
187,Motorola,https://www.gsmarena.com/motorola-phones-f-4-0-p9.php,9
188,Motorola,https://www.gsmarena.com/motorola-phones-f-4-0-p10.php,10
189,Motorola,https://www.gsmarena.com/motorola-phones-f-4-0-p11.php,11
190,Motorola,https://www.gsmarena.com/motorola-phones-f-4-0-p12.php,12
191,MWg,https://www.gsmarena.com/mwg-phones-56.php,1
192,NEC,https://www.gsmarena.com/nec-phones-12.php,1
193,NEC,https://www.gsmarena.com/nec-phones-f-12-0-p2.php,2
194,Neonode,https://www.gsmarena.com/neonode-phones-22.php,1
195,NIU,https://www.gsmarena.com/niu-phones-79.php,1
196,Nokia,https://www.gsmarena.com/nokia-phones-1.php,1
197,Nokia,https://www.gsmarena.com/nokia-phones-f-1-0-p2.php,2
198,Nokia,https://www.gsmarena.com/nokia-phones-f-1-0-p3.php,3
199,Nokia,https://www.gsmarena.com/nokia-phones-f-1-0-p4.php,4
200,Nokia,https://www.gsmarena.com/nokia-phones-f-1-0-p5.php,5
201,Nokia,https://www.gsmarena.com/nokia-phones-f-1-0-p6.php,6
202,Nokia,https://www.gsmarena.com/nokia-phones-f-1-0-p7.php,7
203,Nokia,https://www.gsmarena.com/nokia-phones-f-1-0-p8.php,8
204,Nokia,https://www.gsmarena.com/nokia-phones-f-1-0-p9.php,9
205,Nokia,https://www.gsmarena.com/nokia-phones-f-1-0-p10.php,10
206,Nokia,https://www.gsmarena.com/nokia-phones-f-1-0-p11.php,11
207,Nokia,https://www.gsmarena.com/nokia-phones-f-1-0-p12.php,12
208,Nokia,https://www.gsmarena.com/nokia-phones-f-1-0-p13.php,13
209,Nokia,https://www.gsmarena.com/nokia-phones-f-1-0-p14.php,14
210,Nokia,https://www.gsmarena.com/nokia-phones-f-1-0-p15.php,15
211,Nothing,https://www.gsmarena.com/nothing-phones-128.php,1
212,Nvidia,https://www.gsmarena.com/nvidia-phones-97.php,1
213,O2,https://www.gsmarena.com/o2-phones-30.php,1
214,O2,https://www.gsmarena.com/o2-phones-f-30-0-p2.php,2
215,OnePlus,https://www.gsmarena.com/oneplus-phones-95.php,1
216,OnePlus,https://www.gsmarena.com/oneplus-phones-f-95-0-p2.php,2
217,OnePlus,https://www.gsmarena.com/oneplus-phones-f-95-0-p3.php,3
218,Oppo,https://www.gsmarena.com/oppo-phones-82.php,1
219,Oppo,https://www.gsmarena.com/oppo-phones-f-82-0-p2.php,2
220,Oppo,https://www.gsmarena.com/oppo-phones-f-82-0-p3.php,3
221,Oppo,https://www.gsmarena.com/oppo-phones-f-82-0-p4.php,4
222,Oppo,https://www.gsmarena.com/oppo-phones-f-82-0-p5.php,5
223,Oppo,https://www.gsmarena.com/oppo-phones-f-82-0-p6.php,6
224,Oppo,https://www.gsmarena.com/oppo-phones-f-82-0-p7.php,7
225,Orange,https://www.gsmarena.com/orange-phones-71.php,1
226,Oukitel,https://www.gsmarena.com/oukitel-phones-132.php,1
227,Palm,https://www.gsmarena.com/palm-phones-27.php,1
228,Palm,https://www.gsmarena.com/palm-phones-f-27-0-p2.php,2
229,Panasonic,https://www.gsmarena.com/panasonic-phones-6.php,1
230,Panasonic,https://www.gsmarena.com/panasonic-phones-f-6-0-p2.php,2
231,Panasonic,https://www.gsmarena.com/panasonic-phones-f-6-0-p3.php,3
232,Panasonic,https://www.gsmarena.com/panasonic-phones-f-6-0-p4.php,4
233,Panasonic,https://www.gsmarena.com/panasonic-phones-f-6-0-p5.php,5
234,Pantech,https://www.gsmarena.com/pantech-phones-32.php,1
235,Pantech,https://www.gsmarena.com/pantech-phones-f-32-0-p2.php,2
236,Pantech,https://www.gsmarena.com/pantech-phones-f-32-0-p3.php,3
237,Parla,https://www.gsmarena.com/parla-phones-81.php,1
238,Philips,https://www.gsmarena.com/philips-phones-11.php,1
239,Philips,https://www.gsmarena.com/philips-phones-f-11-0-p2.php,2
240,Philips,https://www.gsmarena.com/philips-phones-f-11-0-p3.php,3
241,Philips,https://www.gsmarena.com/philips-phones-f-11-0-p4.php,4
242,Philips,https://www.gsmarena.com/philips-phones-f-11-0-p5.php,5
243,Philips,https://www.gsmarena.com/philips-phones-f-11-0-p6.php,6
244,Philips,https://www.gsmarena.com/philips-phones-f-11-0-p7.php,7
245,Philips,https://www.gsmarena.com/philips-phones-f-11-0-p8.php,8
246,Plum,https://www.gsmarena.com/plum-phones-72.php,1
247,Plum,https://www.gsmarena.com/plum-phones-f-72-0-p2.php,2
248,Plum,https://www.gsmarena.com/plum-phones-f-72-0-p3.php,3
249,Posh,https://www.gsmarena.com/posh-phones-101.php,1
250,Prestigio,https://www.gsmarena.com/prestigio-phones-86.php,1
251,Prestigio,https://www.gsmarena.com/prestigio-phones-f-86-0-p2.php,2
252,QMobile,https://www.gsmarena.com/qmobile-phones-103.php,1
253,QMobile,https://www.gsmarena.com/qmobile-phones-f-103-0-p2.php,2
254,QMobile,https://www.gsmarena.com/qmobile-phones-f-103-0-p3.php,3
255,Qtek,https://www.gsmarena.com/qtek-phones-38.php,1
256,Razer,https://www.gsmarena.com/razer-phones-117.php,1
257,Realme,https://www.gsmarena.com/realme-phones-118.php,1
258,Realme,https://www.gsmarena.com/realme-phones-f-118-0-p2.php,2
259,Realme,https://www.gsmarena.com/realme-phones-f-118-0-p3.php,3
260,Realme,https://www.gsmarena.com/realme-phones-f-118-0-p4.php,4
261,Sagem,https://www.gsmarena.com/sagem-phones-13.php,1
262,Sagem,https://www.gsmarena.com/sagem-phones-f-13-0-p2.php,2
263,Sagem,https://www.gsmarena.com/sagem-phones-f-13-0-p3.php,3
264,Samsung,https://www.gsmarena.com/samsung-phones-9.php,1
265,Samsung,https://www.gsmarena.com/samsung-phones-f-9-0-p2.php,2
266,Samsung,https://www.gsmarena.com/samsung-phones-f-9-0-p3.php,3
267,Samsung,https://www.gsmarena.com/samsung-phones-f-9-0-p4.php,4
268,Samsung,https://www.gsmarena.com/samsung-phones-f-9-0-p5.php,5
269,Samsung,https://www.gsmarena.com/samsung-phones-f-9-0-p6.php,6
270,Samsung,https://www.gsmarena.com/samsung-phones-f-9-0-p7.php,7
271,Samsung,https://www.gsmarena.com/samsung-phones-f-9-0-p8.php,8
272,Samsung,https://www.gsmarena.com/samsung-phones-f-9-0-p9.php,9
273,Samsung,https://www.gsmarena.com/samsung-phones-f-9-0-p10.php,10
274,Samsung,https://www.gsmarena.com/samsung-phones-f-9-0-p11.php,11
275,Samsung,https://www.gsmarena.com/samsung-phones-f-9-0-p12.php,12
276,Samsung,https://www.gsmarena.com/samsung-phones-f-9-0-p13.php,13
277,Samsung,https://www.gsmarena.com/samsung-phones-f-9-0-p14.php,14
278,Samsung,https://www.gsmarena.com/samsung-phones-f-9-0-p15.php,15
279,Samsung,https://www.gsmarena.com/samsung-phones-f-9-0-p16.php,16
280,Sendo,https://www.gsmarena.com/sendo-phones-18.php,1
281,Sewon,https://www.gsmarena.com/sewon-phones-26.php,1
282,Sewon,https://www.gsmarena.com/sewon-phones-f-26-0-p2.php,2
283,Sharp,https://www.gsmarena.com/sharp-phones-23.php,1
284,Sharp,https://www.gsmarena.com/sharp-phones-f-23-0-p2.php,2
285,Sharp,https://www.gsmarena.com/sharp-phones-f-23-0-p3.php,3
286,Sharp,https://www.gsmarena.com/sharp-phones-f-23-0-p4.php,4
287,Sharp,https://www.gsmarena.com/sharp-phones-f-23-0-p5.php,5
288,Siemens,https://www.gsmarena.com/siemens-phones-3.php,1
289,Siemens,https://www.gsmarena.com/siemens-phones-f-3-0-p2.php,2
290,Siemens,https://www.gsmarena.com/siemens-phones-f-3-0-p3.php,3
291,Sonim,https://www.gsmarena.com/sonim-phones-54.php,1
292,Sony,https://www.gsmarena.com/sony-phones-7.php,1
293,Sony,https://www.gsmarena.com/sony-phones-f-7-0-p2.php,2
294,Sony,https://www.gsmarena.com/sony-phones-f-7-0-p3.php,3
295,Sony,https://www.gsmarena.com/sony-phones-f-7-0-p4.php,4
296,Sony,https://www.gsmarena.com/sony-phones-f-7-0-p5.php,5
297,Sony,https://www.gsmarena.com/sony-phones-f-7-0-p6.php,6
298,Sony Ericsson,https://www.gsmarena.com/sony_ericsson-phones-19.php,1
299,Sony Ericsson,https://www.gsmarena.com/sony_ericsson-phones-f-19-0-p2.php,2
300,Sony Ericsson,https://www.gsmarena.com/sony_ericsson-phones-f-19-0-p3.php,3
301,Sony Ericsson,https://www.gsmarena.com/sony_ericsson-phones-f-19-0-p4.php,4
302,Spice,https://www.gsmarena.com/spice-phones-68.php,1
303,Spice,https://www.gsmarena.com/spice-phones-f-68-0-p2.php,2
304,Spice,https://www.gsmarena.com/spice-phones-f-68-0-p3.php,3
305,T-Mobile,https://www.gsmarena.com/t_mobile-phones-55.php,1
306,T-Mobile,https://www.gsmarena.com/t_mobile-phones-f-55-0-p2.php,2
307,TCL,https://www.gsmarena.com/tcl-phones-123.php,1
308,TCL,https://www.gsmarena.com/tcl-phones-f-123-0-p2.php,2
309,TCL,https://www.gsmarena.com/tcl-phones-f-123-0-p3.php,3
310,Tecno,https://www.gsmarena.com/tecno-phones-120.php,1
311,Tecno,https://www.gsmarena.com/tecno-phones-f-120-0-p2.php,2
312,Tecno,https://www.gsmarena.com/tecno-phones-f-120-0-p3.php,3
313,Tecno,https://www.gsmarena.com/tecno-phones-f-120-0-p4.php,4
314,Tecno,https://www.gsmarena.com/tecno-phones-f-120-0-p5.php,5
315,Tel.Me.,https://www.gsmarena.com/tel_me_-phones-21.php,1
316,Telit,https://www.gsmarena.com/telit-phones-16.php,1
317,Thuraya,https://www.gsmarena.com/thuraya-phones-49.php,1
318,Toshiba,https://www.gsmarena.com/toshiba-phones-44.php,1
319,Ulefone,https://www.gsmarena.com/ulefone-phones-124.php,1
320,Ulefone,https://www.gsmarena.com/ulefone-phones-f-124-0-p2.php,2
321,Ulefone,https://www.gsmarena.com/ulefone-phones-f-124-0-p3.php,3
322,Ulefone,https://www.gsmarena.com/ulefone-phones-f-124-0-p4.php,4
323,Unnecto,https://www.gsmarena.com/unnecto-phones-91.php,1
324,Vertu,https://www.gsmarena.com/vertu-phones-39.php,1
325,verykool,https://www.gsmarena.com/verykool-phones-70.php,1
326,verykool,https://www.gsmarena.com/verykool-phones-f-70-0-p2.php,2
327,verykool,https://www.gsmarena.com/verykool-phones-f-70-0-p3.php,3
328,verykool,https://www.gsmarena.com/verykool-phones-f-70-0-p4.php,4
329,vivo,https://www.gsmarena.com/vivo-phones-98.php,1
330,vivo,https://www.gsmarena.com/vivo-phones-f-98-0-p2.php,2
331,vivo,https://www.gsmarena.com/vivo-phones-f-98-0-p3.php,3
332,vivo,https://www.gsmarena.com/vivo-phones-f-98-0-p4.php,4
333,vivo,https://www.gsmarena.com/vivo-phones-f-98-0-p5.php,5
334,vivo,https://www.gsmarena.com/vivo-phones-f-98-0-p6.php,6
335,vivo,https://www.gsmarena.com/vivo-phones-f-98-0-p7.php,7
336,vivo,https://www.gsmarena.com/vivo-phones-f-98-0-p8.php,8
337,vivo,https://www.gsmarena.com/vivo-phones-f-98-0-p9.php,9
338,vivo,https://www.gsmarena.com/vivo-phones-f-98-0-p10.php,10
339,VK Mobile,https://www.gsmarena.com/vk_mobile-phones-37.php,1
340,Vodafone,https://www.gsmarena.com/vodafone-phones-53.php,1
341,Vodafone,https://www.gsmarena.com/vodafone-phones-f-53-0-p2.php,2
342,Vodafone,https://www.gsmarena.com/vodafone-phones-f-53-0-p3.php,3
343,Vodafone,https://www.gsmarena.com/vodafone-phones-f-53-0-p4.php,4
344,Wiko,https://www.gsmarena.com/wiko-phones-96.php,1
345,Wiko,https://www.gsmarena.com/wiko-phones-f-96-0-p2.php,2
346,Wiko,https://www.gsmarena.com/wiko-phones-f-96-0-p3.php,3
347,WND,https://www.gsmarena.com/wnd-phones-51.php,1
348,XCute,https://www.gsmarena.com/xcute-phones-43.php,1
349,Xiaomi,https://www.gsmarena.com/xiaomi-phones-80.php,1
350,Xiaomi,https://www.gsmarena.com/xiaomi-phones-f-80-0-p2.php,2
351,Xiaomi,https://www.gsmarena.com/xiaomi-phones-f-80-0-p3.php,3
352,Xiaomi,https://www.gsmarena.com/xiaomi-phones-f-80-0-p4.php,4
353,Xiaomi,https://www.gsmarena.com/xiaomi-phones-f-80-0-p5.php,5
354,Xiaomi,https://www.gsmarena.com/xiaomi-phones-f-80-0-p6.php,6
355,Xiaomi,https://www.gsmarena.com/xiaomi-phones-f-80-0-p7.php,7
356,Xiaomi,https://www.gsmarena.com/xiaomi-phones-f-80-0-p8.php,8
357,Xiaomi,https://www.gsmarena.com/xiaomi-phones-f-80-0-p9.php,9
358,XOLO,https://www.gsmarena.com/xolo-phones-85.php,1
359,XOLO,https://www.gsmarena.com/xolo-phones-f-85-0-p2.php,2
360,Yezz,https://www.gsmarena.com/yezz-phones-78.php,1
361,Yezz,https://www.gsmarena.com/yezz-phones-f-78-0-p2.php,2
362,Yezz,https://www.gsmarena.com/yezz-phones-f-78-0-p3.php,3
363,Yota,https://www.gsmarena.com/yota-phones-99.php,1
364,YU,https://www.gsmarena.com/yu-phones-100.php,1
365,ZTE,https://www.gsmarena.com/zte-phones-62.php,1
366,ZTE,https://www.gsmarena.com/zte-phones-f-62-0-p2.php,2
367,ZTE,https://www.gsmarena.com/zte-phones-f-62-0-p3.php,3
368,ZTE,https://www.gsmarena.com/zte-phones-f-62-0-p4.php,4
369,ZTE,https://www.gsmarena.com/zte-phones-f-62-0-p5.php,5
370,ZTE,https://www.gsmarena.com/zte-phones-f-62-0-p6.php,6
371,ZTE,https://www.gsmarena.com/zte-phones-f-62-0-p7.php,7
372,ZTE,https://www.gsmarena.com/zte-phones-f-62-0-p8.php,8
373,ZTE,https://www.gsmarena.com/zte-phones-f-62-0-p9.php,9
